City_ID,City,Lat,Lng,Max Temp,Humidity,Cloudiness,Wind Speed,Country,Date
0,hawaiian paradise park,19.5933,-154.9731,21.73,97,100,3.6,US,1718806341
1,west bay,19.3667,-81.4167,30.03,80,97,6.86,KY,1718806341
2,revda,56.801,59.9303,26.69,63,11,2.54,RU,1718806342
3,adamstown,-25.066,-130.1015,22.24,86,100,10.12,PN,1718806342
4,waitangi,-43.9535,-176.5597,8.79,65,100,5.78,NZ,1718806342
5,fortuna,40.5982,-124.1573,10.19,97,100,0.0,US,1718806342
6,west island,-12.1568,96.8225,27.99,83,75,7.72,CC,1718806343
7,medina,24.4686,39.6142,45.24,4,20,5.14,SA,1718806343
8,rongelap,11.1635,166.8941,28.27,78,2,7.31,MH,1718806343
9,bilibino,68.0546,166.4372,12.12,46,34,2.74,RU,1718806343
10,mount gambier,-37.8333,140.7667,6.49,83,97,3.29,AU,1718806343
11,enewetak,11.3474,162.3373,28.23,78,20,7.4,MH,1718806344
12,port lincoln,-34.7333,135.8667,12.66,66,74,9.33,AU,1718806344
13,ushuaia,-54.8,-68.3,-3.21,93,100,0.95,AR,1718806344
14,victoria,22.2855,114.1577,30.74,84,100,2.24,HK,1718806169
15,bethel,41.3712,-73.414,29.08,70,0,3.6,US,1718806344
16,port-aux-francais,-49.35,70.2167,3.51,73,68,5.54,TF,1718806344
17,puerto natales,-51.7236,-72.4875,-7.75,86,20,3.09,CL,1718806345
18,isheyevka,54.4167,48.2667,21.11,79,51,7.23,RU,1718806345
19,kailua-kona,19.6406,-155.9956,24.22,86,0,1.54,US,1718806284
20,nova sintra,14.8667,-24.7167,24.68,80,100,5.2,CV,1718806345
21,tiksi,71.6872,128.8694,1.46,87,51,1.76,RU,1718806345
22,qaqortoq,60.7167,-46.0333,4.46,83,100,2.34,GL,1718806345
23,antsiranana,-12.2787,49.2917,25.18,67,4,9.41,MG,1718806346
24,cranbrook,49.4999,-115.7688,7.76,85,80,0.74,CA,1718806132
25,fuding,27.3273,120.214,25.01,99,100,0.43,CN,1718806346
26,invercargill,-46.4,168.35,3.9,82,100,1.79,NZ,1718806346
27,jamestown,42.097,-79.2353,27.77,88,0,3.6,US,1718806347
28,edinburgh of the seven seas,-37.0676,-12.3116,13.67,86,94,9.09,SH,1718806347
29,college,64.8569,-147.8028,16.2,71,75,2.06,US,1718806347
30,iqaluit,63.7506,-68.5145,1.5,79,100,2.24,CA,1718806347
31,saint-pierre,-21.3393,55.4781,22.82,60,75,7.72,RE,1718806347
32,hithadhoo,-0.6,73.0833,28.67,69,23,1.85,MV,1718806347
33,bredasdorp,-34.5322,20.0403,15.52,59,46,2.42,ZA,1718806348
34,kharkhorin,47.1975,102.8238,14.94,79,100,0.96,MN,1718806348
35,trincomalee,8.5711,81.2335,29.4,70,100,7.56,LK,1718806086
36,blackmans bay,-43.0167,147.3167,7.07,92,97,2.53,AU,1718806348
37,klyuchi,52.2667,79.1667,19.5,44,65,1.86,RU,1718806348
38,khorinsk,52.1657,109.7726,18.02,62,100,3.43,RU,1718806349
39,guerrero negro,27.9769,-114.0611,16.77,85,0,4.82,MX,1718806117
40,albany,42.6001,-73.9662,29.8,75,100,0.45,US,1718806349
41,kingston,17.997,-76.7936,30.65,71,22,1.99,JM,1718806061
42,whitehorse,60.7161,-135.0538,11.17,74,45,1.64,CA,1718806349
43,la'ie,21.6477,-157.9253,26.98,79,88,3.58,US,1718806349
44,margaret river,-33.95,115.0667,10.4,79,6,3.35,AU,1718806349
45,san patricio,28.017,-97.5169,26.97,97,100,4.44,US,1718806350
46,papatowai,-46.5619,169.4708,7.4,77,98,7.48,NZ,1718806350
47,palmer,42.1584,-72.3287,28.68,61,0,2.57,US,1718806350
48,santa cruz,-17.8,-63.1667,26.7,78,75,8.75,BO,1718806350
49,la ronge,55.1001,-105.2842,8.2,65,100,3.79,CA,1718806350
50,grytviken,-54.2811,-36.5092,-6.85,61,4,1.32,GS,1718806351
51,port elizabeth,-33.918,25.5701,17.28,79,70,2.24,ZA,1718806351
52,talnakh,69.4865,88.3972,3.87,50,100,1.58,RU,1718806351
53,sawakin,19.1059,37.3321,35.54,48,63,5.78,SD,1718806351
54,malango,-2.9627,119.9001,18.47,98,100,0.89,ID,1718806351
55,tomatlan,19.9333,-105.25,25.42,82,100,1.52,MX,1718806352
56,kuragino,53.8975,92.6725,10.38,87,67,0.9,RU,1718806352
57,puerto ayora,-0.7393,-90.3518,22.98,100,100,4.29,EC,1718806352
58,manta,-0.95,-80.7333,23.88,78,75,2.57,EC,1718806352
59,yellowknife,62.456,-114.3525,14.67,59,2,4.02,CA,1718806352
60,olonkinbyen,70.9221,-8.7187,0.71,98,99,3.5,SJ,1718806352
61,udachny,66.4167,112.4,13.71,51,62,7.55,RU,1718806353
62,chonchi,-42.6128,-73.8092,2.29,90,94,0.86,CL,1718806353
63,vorgashor,67.5833,63.95,5.03,65,7,3.22,RU,1718806353
64,anadyr,64.75,177.4833,2.28,87,0,3.0,RU,1718806353
65,khovd,48.0056,91.6419,12.76,72,97,2.75,MN,1718806353
66,kristiansund,63.1115,7.732,12.85,58,75,4.12,NO,1718806353
67,hotan,37.0997,79.9269,25.08,33,100,6.93,CN,1718806354
68,alofi,-19.0595,-169.9187,21.94,100,91,1.54,NU,1718806354
69,afaahiti,-17.75,-149.2833,18.93,64,0,5.35,PF,1718806354
70,thompson,55.7435,-97.8558,7.75,78,100,3.57,CA,1718806354
71,rzhaksa,52.1338,42.0264,24.73,62,1,5.07,RU,1718806355
72,neryungri,56.6709,124.6491,8.12,89,100,0.95,RU,1718806355
73,wuyishan,28.0047,117.8114,24.35,93,100,2.63,CN,1718806355
74,luderitz,-26.6481,15.1594,19.24,51,28,8.82,NA,1718806355
75,tralee,52.2704,-9.7026,17.14,55,0,2.06,IE,1718806355
76,lensk,60.7253,114.9278,17.27,49,13,4.64,RU,1718806355
77,margate,51.3813,1.3862,17.72,68,100,6.59,GB,1718806356
78,lebu,-37.6167,-73.65,7.97,87,94,2.71,CL,1718806356
79,atafu village,-8.5421,-172.5159,28.57,78,10,6.19,TK,1718806356
80,santander,43.4647,-3.8044,20.62,78,40,4.12,ES,1718806356
81,wailua homesteads,22.0669,-159.378,24.44,83,100,8.23,US,1718806356
82,kapa'a,22.0752,-159.319,25.18,82,100,8.23,US,1718806356
83,east london,-33.0153,27.9116,18.79,61,61,8.09,ZA,1718806357
84,touros,-5.1989,-35.4608,29.07,67,31,6.7,BR,1718806357
85,walvis bay,-22.9575,14.5053,16.72,56,1,6.86,NA,1718806357
86,sur,22.5667,59.5289,34.38,49,15,1.67,OM,1718806357
87,petropavlovsk-kamchatsky,53.0452,158.6483,5.52,94,22,0.24,RU,1718806357
88,fenyi,27.8112,114.6681,24.41,95,100,0.99,CN,1718806358
89,hermanus,-34.4187,19.2345,16.56,62,20,1.12,ZA,1718806358
90,aasiaat,68.7098,-52.8699,2.26,94,100,1.15,GL,1718806358
91,nova olinda do norte,-3.8881,-59.0942,30.94,58,84,1.96,BR,1718806358
92,juegang,32.3174,121.1855,23.51,93,97,3.01,CN,1718806358
93,cochin,9.9399,76.2602,28.34,82,100,4.05,IN,1718806358
94,fort william,56.8165,-5.1121,15.17,67,100,3.7,GB,1718806359
95,nikolayevsk-on-amure,53.1406,140.73,5.23,98,100,0.86,RU,1718806359
96,port mathurin,-19.6833,63.4167,23.66,68,10,10.49,MU,1718806359
97,qamdo,31.1667,97.2333,13.89,53,100,2.23,CN,1718806359
98,gorlice,49.6556,21.1604,30.31,51,10,7.26,PL,1718806359
99,sitka,57.0531,-135.33,11.94,82,100,2.06,US,1718806360
100,santa terezinha,-29.9002,-50.0904,19.3,94,84,4.79,BR,1718806360
101,jiangzi,28.95,89.6333,12.81,36,95,3.73,CN,1718806360
102,inirida,3.8653,-67.9239,25.52,96,100,1.44,CO,1718806360
103,ancud,-41.8697,-73.8203,5.53,75,94,1.56,CL,1718806360
104,gadzhiyevo,69.2551,33.3362,7.92,91,100,12.65,RU,1718806360
105,petrolina,-9.3986,-40.5008,30.03,45,20,7.72,BR,1718806361
106,utrik,11.2278,169.8474,28.35,79,24,8.42,MH,1718806361
107,waimea,20.0231,-155.6717,18.97,98,64,3.13,US,1718806154
108,omidiyeh,30.7597,49.705,46.79,7,0,5.89,IR,1718806361
109,laojunmiao,39.8333,97.7333,17.9,40,100,4.7,CN,1718806361
110,darnah,32.767,22.6367,26.38,71,0,11.6,LY,1718806362
111,quellon,-43.1167,-73.6167,4.26,79,20,2.62,CL,1718806362
112,takoradi,4.8845,-1.7554,27.94,78,95,6.04,GH,1718806362
113,turkmenabat,39.0733,63.5786,38.8,13,1,7.74,TM,1718806362
114,yazd,31.8972,54.3675,35.32,11,78,7.74,IR,1718806362
115,naze,28.3667,129.4833,23.45,93,100,2.29,JP,1718806362
116,port douglas,-16.4833,145.4667,19.3,80,0,2.29,AU,1718806063
117,paoua,7.2427,16.4406,36.31,27,66,3.39,CF,1718806363
118,golaghat,26.5167,93.9667,24.83,95,100,2.11,IN,1718806363
119,uturoa,-16.7333,-151.4333,25.25,61,11,5.52,PF,1718806363
120,chandbali,20.7833,86.7667,31.82,57,100,5.07,IN,1718806363
121,kristinestad,62.2743,21.376,15.05,82,41,6.07,FI,1718806363
122,mount pearl,47.5166,-52.7813,21.92,74,100,0.89,CA,1718806364
123,ust'-ordynskiy,52.805,104.7508,16.42,96,100,1.38,RU,1718806364
124,afif,23.9065,42.9172,40.23,5,0,5.65,SA,1718806364
125,satellite beach,28.1761,-80.5901,28.01,86,20,8.23,US,1718806299
126,namsos,64.4662,11.4957,12.03,87,75,3.6,NO,1718806364
127,san juan,-31.5375,-68.5364,11.35,52,0,3.19,AR,1718806364
128,champerico,14.3,-91.9167,25.3,95,100,4.14,GT,1718806365
129,hadibu,12.65,54.0333,31.03,62,51,6.64,YE,1718806365
130,todos santos,23.45,-110.2167,21.39,61,0,3.9,MX,1718806365
131,kargasok,59.0556,80.8572,9.25,43,7,7.93,RU,1718806365
132,al bayda',32.7627,21.7551,26.31,41,0,10.15,LY,1718806365
133,lodja,-3.4833,23.4333,36.71,19,8,1.16,CD,1718806366
134,pembroke,45.8168,-77.1162,29.54,66,100,4.21,CA,1718806366
135,mount isa,-20.7333,139.5,8.87,71,0,0.0,AU,1718806366
136,lazaro cardenas,17.9583,-102.2,26.58,82,97,1.32,MX,1718806366
137,constantia,44.1833,28.65,31.38,57,0,3.62,RO,1718806366
138,emerald,-23.5333,148.1667,13.86,34,2,2.69,AU,1718806366
139,minas de marcona,-15.2119,-75.1103,12.96,77,52,5.25,PE,1718806367
140,mata-utu,-13.2816,-176.1745,28.12,80,48,6.81,WF,1718806367
141,yatou,37.15,122.3833,19.39,81,14,2.65,CN,1718806367
142,deqen,29.9618,90.7188,13.46,58,21,3.05,CN,1718806367
143,aras-asan,8.8908,126.3033,24.61,94,100,4.26,PH,1718806367
144,shelburne,44.0787,-80.2041,25.33,80,100,4.84,CA,1718806368
145,nova xavantina,-14.6667,-52.35,29.09,31,0,2.04,BR,1718806368
146,menongue,-14.6585,17.691,28.55,13,3,2.35,AO,1718806368
147,gualeguaychu,-33.0094,-58.5172,19.32,71,0,2.24,AR,1718806368
148,timimoun,29.2639,0.231,47.79,6,39,4.19,DZ,1718806368
149,n'zeto,-7.2312,12.8666,24.91,70,16,5.69,AO,1718806369
150,labytnangi,66.6572,66.4183,11.19,42,0,3.57,RU,1718806369
151,muravlenko,63.7898,74.523,7.11,55,77,8.05,RU,1718806369
152,talcahuano,-36.7167,-73.1167,8.82,87,20,2.06,CL,1718806104
153,pankrushikha,53.8319,80.3406,15.6,71,100,1.86,RU,1718806369
154,ribeira grande,38.5167,-28.7,21.22,64,75,2.57,PT,1718806369
155,mili,6.0815,171.735,28.27,80,12,6.91,MH,1718806370
156,bealanana,-14.55,48.7333,17.77,75,7,3.12,MG,1718806370
157,conception bay south,47.4999,-52.9981,22.25,72,100,2.05,CA,1718806370
158,tura,25.5198,90.2201,23.83,94,100,3.26,IN,1718806370
159,arraial do cabo,-22.9661,-42.0278,26.92,65,0,3.6,BR,1718806370
160,saint-francois,46.4154,3.9054,27.04,57,0,4.12,FR,1718806370
161,harnai,30.1005,67.9374,37.05,12,0,3.78,PK,1718806371
162,georgetown,5.4112,100.3354,28.96,79,20,0.0,MY,1718806223
163,selfoss,63.9331,-20.9971,9.41,80,100,4.69,IS,1718806371
164,opuwo,-18.0607,13.84,28.05,8,1,2.28,NA,1718806371
165,besisahar,28.2313,84.3761,23.56,74,96,2.48,NP,1718806371
166,cabedelo,-6.9811,-34.8339,25.37,78,3,7.06,BR,1718806372
167,ugoofaaru,5.6667,73.0,28.98,79,100,6.62,MV,1718806372
168,avarua,-21.2078,-159.775,20.03,83,40,1.54,CK,1718806372
169,chegdomyn,51.1167,133.0167,11.19,97,100,1.73,RU,1718806372
170,revelstoke,50.9832,-118.2023,7.01,93,40,1.03,CA,1718806372
171,abashiri,44.0213,144.2697,10.82,87,10,2.07,JP,1718806373
172,jiuquan,39.7432,98.5174,22.97,31,100,6.8,CN,1718806373
173,fort bragg,35.139,-79.006,28.44,63,0,2.57,US,1718806373
174,berga,60.392,5.328,16.15,62,40,5.14,NO,1718806373
175,longyearbyen,78.2186,15.6401,9.91,46,75,6.69,SJ,1718806373
176,pombas,17.1503,-25.0201,18.13,86,86,3.21,CV,1718806373
177,maragogi,-9.0122,-35.2225,26.65,79,20,5.03,BR,1718806100
178,severo-yeniseyskiy,60.3725,93.0408,4.26,84,89,3.67,RU,1718806374
179,helena valley west central,46.6629,-112.0604,10.63,82,0,2.06,US,1718806374
180,stanley,54.868,-1.6985,17.66,55,40,2.06,GB,1718806374
181,lamu,-2.2717,40.902,27.07,77,71,4.45,KE,1718806374
182,pitimbu,-7.4706,-34.8086,25.33,78,45,6.32,BR,1718806374
183,ilulissat,69.2167,-51.1,3.01,93,100,2.57,GL,1718806375
184,beledweyne,4.7358,45.2036,34.1,37,97,8.34,SO,1718806375
185,khark,29.2614,50.3306,33.59,64,0,5.71,IR,1718806375
186,gonabad,34.3529,58.6837,34.09,12,69,10.12,IR,1718806375
187,onega,63.9061,38.1404,16.15,74,51,3.45,RU,1718806375
188,ust-nera,64.5667,143.2,11.81,80,16,1.3,RU,1718806376
189,sao sebastiao do passe,-12.5125,-38.4953,27.75,54,47,2.97,BR,1718806376
190,forster,-32.1667,152.5167,8.71,73,39,2.98,AU,1718806376
191,hamilton,39.1834,-84.5333,29.05,78,40,3.09,US,1718806353
192,shenjiamen,29.9576,122.298,22.6,97,100,4.7,CN,1718806376
193,ampanihy,-24.7,44.75,25.54,47,6,2.63,MG,1718806376
194,khandyga,62.6667,135.6,11.09,91,100,1.61,RU,1718806376
195,kone,-21.0595,164.8658,15.36,81,0,1.41,NC,1718806377
196,palasa,18.7667,84.4167,30.45,72,92,6.13,IN,1718806377
197,alice springs,-23.7,133.8833,14.75,72,20,2.06,AU,1718806377
198,shingu,33.7333,135.9833,20.55,82,100,1.86,JP,1718806377
199,amlame,7.4667,0.9,30.6,62,100,1.76,TG,1718806378
200,el bauga,18.262,33.9081,42.57,17,1,2.35,SD,1718806381
201,natal,-5.795,-35.2094,26.36,89,75,3.09,BR,1718806382
202,kuanda,56.3161,116.0806,12.78,73,26,2.15,RU,1718806382
203,kodiak,57.79,-152.4072,7.73,93,100,2.57,US,1718806383
204,cockburn town,21.4612,-71.1419,27.48,78,100,6.67,TC,1718806383
205,gizo,-8.103,156.8419,27.76,81,51,6.83,SB,1718806384
206,la gi,10.6667,107.7833,28.43,79,100,3.9,VN,1718806384
207,danilovka,50.3557,44.1168,25.53,55,81,6.16,RU,1718806384
208,kerman,30.2832,57.0788,30.43,13,0,8.93,IR,1718806384
209,agua dulce,18.1333,-94.1333,27.88,89,95,2.01,MX,1718806384
210,kruisfontein,-34.0033,24.7314,16.05,71,18,7.44,ZA,1718806385
211,bonthe,7.5264,-12.505,28.19,73,98,4.33,SL,1718806385
212,vilyuchinsk,52.9306,158.4028,6.33,94,24,0.18,RU,1718806385
213,san jose de jachal,-30.2406,-68.7469,13.75,27,0,0.57,AR,1718806386
214,nadi,-17.8,177.4167,25.0,88,40,2.06,FJ,1718806386
215,lata,40.1629,-8.3327,19.02,62,67,4.5,PT,1718806386
216,thanh hoa,19.8,105.7667,29.74,74,52,1.94,VN,1718806120
217,sao jose da coroa grande,-8.8978,-35.1478,26.64,78,30,5.3,BR,1718806386
218,bulungu,-4.55,18.6,37.74,17,14,0.4,CD,1718806387
219,tete,-16.1564,33.5867,32.05,25,0,2.06,MZ,1718806387
220,ilhabela,-23.7781,-45.3581,28.13,44,4,1.18,BR,1718806387
221,broken hill,-31.95,141.4333,11.8,57,99,4.77,AU,1718806387
222,santo antonio do ica,-3.1022,-67.9397,29.39,64,36,1.37,BR,1718806388
223,bumba,2.1833,22.4667,34.89,33,38,0.73,CD,1718806388
224,saldanha,-33.0117,17.9442,15.42,63,0,4.6,ZA,1718806388
225,vila velha,-20.3297,-40.2925,28.97,54,20,3.6,BR,1718806389
226,tazovsky,67.4667,78.7,0.67,94,72,6.93,RU,1718806389
227,bridgewater,44.3835,-64.5155,27.28,74,41,3.13,CA,1718806389
228,prado,-17.3411,-39.2208,25.46,75,49,1.72,BR,1718806390
229,redlands,34.0556,-117.1825,22.58,84,100,0.0,US,1718806210
230,tolanaro,-25.0319,46.9987,22.24,80,0,6.15,MG,1718806390
231,hammerfest,70.6634,23.6821,16.25,82,75,4.63,NO,1718806390
232,gao,16.6362,1.637,43.6,11,89,2.95,ML,1718806391
233,belyy yar,53.6039,91.3903,13.94,67,0,4.0,RU,1718806391
234,itajobi,-21.3181,-49.0544,28.26,23,0,4.73,BR,1718806391
235,al ghayzah,16.2079,52.176,29.59,80,42,7.59,YE,1718806391
236,egilsstadir,65.2653,-14.3948,4.06,99,100,3.91,IS,1718806391
237,dudinka,69.4058,86.1778,6.06,50,100,4.74,RU,1718806392
238,castillos,-34.1667,-53.8333,18.3,79,11,0.59,UY,1718806392
239,bamboo flat,11.7,92.7167,29.05,84,20,3.6,IN,1718806392
240,mila,36.4503,6.2644,43.18,6,78,5.87,DZ,1718806392
241,badger,64.8,-147.5333,16.15,74,0,2.06,US,1718806393
242,xining,36.6167,101.7667,18.72,52,99,4.46,CN,1718806393
243,port alfred,-33.5906,26.891,16.21,72,99,3.58,ZA,1718806393
244,hasaki,35.7333,140.8333,18.22,82,0,2.42,JP,1718806393
245,khash,28.2211,61.2158,33.08,9,0,9.92,IR,1718806393
246,betio village,1.358,172.9211,29.02,73,89,5.1,KI,1718806394
247,isafjordur,66.0755,-23.124,8.02,61,75,3.09,IS,1718806394
248,kingisepp,59.3733,28.6134,13.88,98,100,1.97,RU,1718806394
249,rio grande,-32.035,-52.0986,18.06,95,100,3.29,BR,1718806394
250,nantucket,41.2835,-70.0995,25.06,84,0,4.12,US,1718806394
251,awjilah,29.1081,21.2869,38.1,13,0,6.49,LY,1718806395
252,coahuayana de hidalgo,18.7,-103.6583,25.87,87,98,1.21,MX,1718806395
253,letlhakane,-21.4167,25.5833,25.65,21,1,1.94,BW,1718806395
254,ponta delgada,37.7333,-25.6667,21.4,60,75,3.6,PT,1718806395
255,novodvinsk,64.4165,40.8122,16.86,95,100,3.77,RU,1718806395
256,carnarvon,-24.8667,113.6333,18.8,50,0,8.86,AU,1718806395
257,faya-largeau,17.9257,19.1043,43.42,5,0,5.81,TD,1718806396
258,vilyuysk,63.7553,121.6247,8.09,82,3,2.62,RU,1718806396
259,stettler,52.3168,-112.7186,9.3,76,100,0.9,CA,1718806396
260,st. john's,47.5649,-52.7093,22.38,75,100,4.02,CA,1718806397
261,suva,-18.1416,178.4415,24.71,94,75,0.0,FJ,1718806397
262,jequie,-13.8575,-40.0836,26.03,66,47,3.2,BR,1718806397
263,mossel bay,-34.1831,22.146,14.61,73,40,4.92,ZA,1718806397
264,gorodishche,48.8045,44.4744,31.49,30,0,6.0,RU,1718806398
265,presidente medici,-11.1753,-61.9014,31.07,41,0,0.86,BR,1718806398
266,moussoro,13.6408,16.4901,39.39,24,14,2.54,TD,1718806398
267,san antonio de pale,-1.4014,5.6325,24.92,86,100,5.04,GQ,1718806398
268,lihue,21.9789,-159.3672,24.77,77,100,8.23,US,1718806398
269,den burg,53.0542,4.7972,18.87,67,15,5.66,NL,1718806398
270,jayapura,-2.5333,140.7,23.66,90,100,2.36,ID,1718806399
271,machico,32.7,-16.7667,24.51,65,40,5.14,PT,1718806399
272,kalmunai,7.4167,81.8167,29.07,71,100,4.65,LK,1718806399
273,remire-montjoly,4.9167,-52.2667,28.02,78,75,3.09,GF,1718806399
274,poyang,28.9924,116.6675,24.99,95,100,2.88,CN,1718806399
275,pisco,-13.7,-76.2167,19.03,68,0,2.57,PE,1718806400
276,lyubim,58.3625,40.6843,22.78,52,0,5.36,RU,1718806400
277,polyarnyy,69.1989,33.4478,7.92,90,100,12.53,RU,1718806400
278,ceeldheer,3.8488,47.1806,28.45,69,55,9.16,SO,1718806400
279,niafunke,15.9322,-3.9906,42.82,15,22,6.41,ML,1718806400
280,desaguadero,-16.5656,-69.0417,6.49,29,25,1.84,PE,1718806400
281,masumbwe,-3.6333,32.1833,30.46,25,7,3.19,TZ,1718806401
282,la passe,45.5549,-0.8967,25.13,74,18,4.39,FR,1718806401
283,naantali,60.4674,22.0243,18.51,52,40,6.17,FI,1718806401
284,yangquan,37.8575,113.5633,27.19,36,32,1.85,CN,1718806401
285,tsiombe,-25.3,45.4833,23.32,63,0,3.56,MG,1718806401
286,yeniseysk,58.4497,92.1703,8.72,84,24,2.56,RU,1718806402
287,weno,7.4515,151.8468,27.97,83,100,4.12,FM,1718806402
288,kremenchuk,49.0973,33.4197,30.81,32,5,1.42,UA,1718806402
289,tidjikja,18.5564,-11.4271,39.31,21,19,5.43,MR,1718806402
290,port saint john's,-31.6229,29.5448,21.18,54,6,5.18,ZA,1718806402
291,keflavik,64.0049,-22.5624,9.24,93,100,7.2,IS,1718806402
292,caleta de carquin,-11.0925,-77.6267,17.96,82,99,2.8,PE,1718806403
293,qalat,32.1058,66.9083,32.31,9,2,5.37,AF,1718806403
294,berriane,32.8265,3.7669,41.82,8,48,10.29,DZ,1718806403
295,saipan,15.1355,145.701,27.39,83,40,3.09,MP,1718806403
296,tres palos,18.1833,-101.6167,23.56,84,71,0.83,MX,1718806403
297,iskateley,67.6803,53.1512,15.53,28,100,6.35,RU,1718806404
298,kavaratti,10.5669,72.642,28.49,82,100,6.0,IN,1718806404
299,hailin,44.5833,129.4167,20.38,72,100,1.41,CN,1718806404
300,colonia,50.9333,6.95,22.19,63,75,1.03,DE,1718806404
301,nizao,18.25,-70.2,30.04,69,19,3.77,DO,1718806404
302,novyy urengoy,66.0833,76.6333,2.65,79,100,8.05,RU,1718806404
303,laguna,38.421,-121.4238,18.43,62,0,2.06,US,1718806405
304,port macquarie,-31.4333,152.9167,7.26,96,81,0.89,AU,1718806142
305,isna,25.2934,32.554,44.63,8,6,4.76,EG,1718806405
306,kununurra,-15.7667,128.7333,17.99,82,36,0.0,AU,1718806405
307,burutu,5.3509,5.5076,29.71,67,100,4.05,NG,1718806405
308,peachtree city,33.3968,-84.5958,25.14,71,40,4.12,US,1718806405
309,murg,47.5667,8.0333,31.5,57,28,3.47,DE,1718806406
310,zhangye,38.9342,100.4517,17.39,65,100,5.79,CN,1718806406
311,kimbe,-5.5502,150.1429,25.0,89,78,3.67,PG,1718806406
312,lerwick,60.1545,-1.1494,11.0,81,99,10.07,GB,1718806114
313,nyurba,63.2842,118.3319,10.05,77,25,2.87,RU,1718806406
314,vila franca do campo,37.7167,-25.4333,21.23,99,55,1.13,PT,1718806406
315,richards bay,-28.783,32.0377,22.6,65,1,3.15,ZA,1718806407
316,comodoro rivadavia,-45.8667,-67.5,3.51,94,100,9.38,AR,1718806407
317,purpe,64.4803,76.6897,4.89,63,100,9.49,RU,1718806407
318,huilong,31.8111,121.655,24.18,93,100,3.84,CN,1718806407
319,villa gesell,-37.2639,-56.973,12.81,82,98,4.33,AR,1718806407
320,ksar chellala,35.2122,2.3189,37.61,11,100,13.82,DZ,1718806408
321,cromwell,41.5951,-72.6454,29.61,68,0,2.57,US,1718806408
322,san jose de feliciano,-30.3845,-58.7517,21.45,85,43,3.28,AR,1718806408
323,kencong,-8.2833,113.3667,23.3,86,0,2.25,ID,1718806408
324,arno,60.1167,18.6333,14.88,66,98,3.89,SE,1718806408
325,crane,31.3974,-102.3501,23.67,73,41,9.32,US,1718806409
326,salto de pirapora,-23.6489,-47.5733,23.22,40,4,4.41,BR,1718806409
327,portland,45.5234,-122.6762,14.23,86,0,2.68,US,1718805937
328,metahara,8.9,39.9167,32.26,27,83,4.28,ET,1718806409
329,pimenta bueno,-11.6725,-61.1936,31.47,38,0,1.26,BR,1718806409
330,zimovniki,47.1483,42.4633,31.0,36,67,3.22,RU,1718806409
331,happy valley-goose bay,53.3168,-60.3315,14.17,77,75,4.12,CA,1718806410
332,bandarbeyla,9.4942,50.8122,27.3,77,100,11.93,SO,1718806410
333,cidreira,-30.1811,-50.2056,19.58,93,76,3.05,BR,1718806410
334,serra talhada,-7.9919,-38.2983,27.17,54,91,5.64,BR,1718806410
335,chernyshevskiy,63.0128,112.4714,12.63,59,8,4.82,RU,1718806410
336,el calafate,-50.3408,-72.2768,-4.0,90,99,0.74,AR,1718806410
337,marshalltown,42.0494,-92.908,23.13,93,100,3.6,US,1718806411
338,tuy hoa,13.0833,109.3,26.92,86,100,1.92,VN,1718806411
339,payson,40.0444,-111.7321,15.16,41,0,2.57,US,1718806411
340,kittila,67.6647,24.8936,13.12,94,100,3.09,FI,1718806411
341,bikenibeu village,1.3673,173.1241,28.98,79,75,3.6,KI,1718806115
342,flin flon,54.7682,-101.865,8.92,63,97,4.47,CA,1718806411
343,hilo,19.7297,-155.09,21.85,96,100,3.6,US,1718806119
344,zavetnoye,47.1194,43.8903,31.91,30,45,5.2,RU,1718806412
345,chhala,23.3,72.7667,33.78,48,97,7.57,IN,1718806412
346,mawlamyinegyunn,16.3833,95.2667,27.05,83,82,4.55,MM,1718806412
347,larache,35.1932,-6.1557,21.51,63,0,7.36,MA,1718806412
348,baloda bazar,21.6667,82.1667,29.82,65,78,6.63,IN,1718806413
349,nouadhibou,20.931,-17.0347,24.99,57,6,7.2,MR,1718806413
350,necochea,-38.5473,-58.7368,13.07,61,100,4.66,AR,1718806413
351,kavieng,-2.5744,150.7967,27.6,78,100,3.42,PG,1718806413
352,the bottom,17.6259,-63.2492,30.31,71,100,7.82,BQ,1718806413
353,camana,-16.6228,-72.7111,17.52,82,19,4.43,PE,1718806414
354,highland springs,37.546,-77.3278,28.63,67,75,3.09,US,1718806414
355,mil'kovo,55.6078,37.7956,25.75,67,98,3.66,RU,1718806414
356,knyaze-volkonskoye,48.4642,135.4567,14.19,98,88,1.82,RU,1718806414
357,san-pedro,4.7485,-6.6363,27.47,78,98,4.1,CI,1718806414
358,kachug,53.9606,105.8817,16.24,94,100,1.73,RU,1718806414
359,al muwayh,22.4333,41.7583,40.88,5,2,3.28,SA,1718806415
360,komsomol'skiy,43.9783,46.6985,33.33,32,59,2.9,RU,1718806415
361,seminole,28.7086,-81.2081,27.83,85,100,2.57,US,1718806415
362,island harbour,50.724,-1.2758,21.75,68,98,5.39,GB,1718806415
363,dingli,35.8614,14.3822,32.09,31,0,2.06,MT,1718806415
364,kalocsa,46.5264,18.9858,34.62,32,35,5.97,HU,1718806416
365,aykhal,66.0,111.5,14.24,47,93,4.64,RU,1718806416
366,mongu,-15.2484,23.1274,29.15,15,0,1.41,ZM,1718806416
367,roma,43.2128,-75.4557,31.01,79,0,1.54,US,1718806416
368,tapa,59.2606,25.9586,11.52,99,100,2.44,EE,1718806416
369,kinablangan,7.6947,126.5503,23.81,90,100,1.56,PH,1718806416
370,nevel'sk,46.6733,141.8633,10.93,77,100,1.37,RU,1718806417
371,coquimbo,-29.9533,-71.3436,14.85,77,0,2.57,CL,1718806417
372,tazacorte,28.629,-17.9293,23.54,72,20,5.66,ES,1718806417
373,saint-denis,48.9167,2.3333,21.53,71,100,5.66,FR,1718806417
374,chapulco,18.6083,-97.4167,18.21,68,85,2.77,MX,1718806417
375,inverell,-29.7833,151.1167,6.76,86,10,1.04,AU,1718806417
376,guarapari,-20.6667,-40.4975,27.8,57,0,4.31,BR,1718806418
377,cabo san lucas,22.8909,-109.9124,24.61,70,0,2.06,MX,1718805805
378,puquio,-14.7,-74.1333,10.54,33,81,1.23,PE,1718806418
379,toma,12.7667,-2.8833,40.05,25,4,3.66,BF,1718806418
380,biloela,-24.4167,150.5,10.86,52,0,1.33,AU,1718806418
381,tangalle,6.024,80.7911,28.09,84,100,5.48,LK,1718806419
382,sisimiut,66.9395,-53.6735,5.03,83,100,1.53,GL,1718806419
383,kolasib,24.2333,92.7,20.89,99,100,0.65,IN,1718806419
384,ta`u,-14.2336,-169.5144,27.63,76,96,7.02,AS,1718806420
385,zouerate,22.7187,-12.4521,38.53,12,40,7.13,MR,1718806420
386,veraval,20.9,70.3667,30.4,78,80,8.34,IN,1718806420
387,borogontsy,62.6683,131.1683,9.74,97,100,2.28,RU,1718806420
388,luanda,-8.8368,13.2343,27.0,61,0,4.12,AO,1718806420
389,okha,53.5739,142.9478,5.78,95,100,2.4,RU,1718806408
390,puerto aysen,-45.4,-72.7,0.6,96,95,1.36,CL,1718806421
391,fiambala,-27.6871,-67.6149,20.72,3,0,2.83,AR,1718806421
392,mumford,5.2618,-0.759,27.24,81,100,6.42,GH,1718806421
393,yung shue wan,22.2333,114.1167,30.38,84,100,0.89,HK,1718806421
394,nemuro,43.3236,145.575,10.86,92,39,0.22,JP,1718806421
395,gariaband,20.635,82.0614,29.03,65,100,3.11,IN,1718806422
396,aylmer,42.7668,-80.983,28.61,82,100,3.31,CA,1718806422
397,kiunga,-6.1219,141.2906,22.45,92,100,1.26,PG,1718806422
398,baie-comeau,49.2168,-68.1489,23.33,78,57,4.44,CA,1718806422
399,akranes,64.3218,-22.0749,9.31,86,100,4.39,IS,1718806422
400,daru,-9.0763,143.2092,24.81,73,100,6.11,PG,1718806423
401,kayangel,8.0823,134.7173,28.5,76,97,4.39,PW,1718806423
402,tarfaya,27.9358,-12.9218,20.12,73,0,10.01,MA,1718806423
403,medenine,33.355,10.5055,38.44,12,0,8.28,TN,1718806423
404,vikulovo,56.8167,70.6107,16.37,89,100,3.17,RU,1718806423
405,freetown,8.484,-13.2299,27.36,74,99,3.39,SL,1718806423
406,coos bay,43.3665,-124.2179,9.57,93,100,1.54,US,1718806332
407,peniche,39.3558,-9.3811,21.83,78,8,6.85,PT,1718806424
408,nar'yan-mar,67.6713,53.087,15.66,27,100,6.28,RU,1718806424
409,petukhovo,55.0692,67.9019,17.52,87,100,6.66,RU,1718806424
410,ratnagiri,16.9833,73.3,28.26,79,100,3.09,IN,1718806424
411,harstad,68.799,16.5293,13.66,93,100,12.07,NO,1718806424
412,saint-philippe,-21.3585,55.7679,22.77,74,24,4.99,RE,1718806425
413,brookings,44.3114,-96.7984,15.59,88,75,2.57,US,1718806425
414,muli,2.9167,73.5667,28.86,74,76,5.48,MV,1718806425
415,usogorsk,63.4106,48.6872,23.92,56,100,4.54,RU,1718806425
416,sechura,-5.5569,-80.8222,19.78,73,10,5.2,PE,1718806425
417,woodward,36.4337,-99.3904,18.57,100,100,6.69,US,1718806426
418,palikir - national government center,6.9248,158.1611,25.41,94,100,1.54,FM,1718806426
419,tindivanam,12.25,79.65,27.23,78,100,7.6,IN,1718806426
420,king city,36.2127,-121.126,15.52,31,0,2.36,US,1718806426
421,archangelos,36.2149,28.1149,29.99,44,0,5.01,GR,1718806426
422,bucerias,20.75,-105.3333,26.1,94,100,1.54,MX,1718806426
423,mejit,10.2753,170.8646,27.97,79,99,7.12,MH,1718806427
424,sorong,-0.8833,131.25,25.38,88,100,1.71,ID,1718806427
425,ma'an,26.9775,110.7211,24.59,95,100,1.18,CN,1718806427
426,brundall,52.6227,1.4388,18.34,54,99,4.94,GB,1718806428
427,fale old settlement,-9.3852,-171.2468,28.45,78,29,5.91,TK,1718806428
428,kaiapoi,-43.3783,172.6401,8.93,93,100,2.06,NZ,1718806428
429,sassenburg,52.5167,10.6333,19.82,59,100,3.11,DE,1718806428
430,vila do maio,15.1333,-23.2167,23.67,86,80,4.93,CV,1718806428
431,langepas,61.2544,75.2124,10.88,40,7,4.81,RU,1718806428
432,lachute,45.6501,-74.3325,30.29,80,74,3.97,CA,1718806429
433,luena,-11.7833,19.9167,27.97,16,0,1.41,AO,1718806429
434,corner brook,48.9667,-57.9484,26.75,50,100,2.62,CA,1718806429
435,konstantinovka,49.6167,127.9833,12.88,79,1,2.61,RU,1718806429
436,maisi,43.0395,41.2621,23.07,73,53,2.81,GE,1718806429
437,sao tome,0.3365,6.7273,26.26,80,100,4.92,ST,1718806430
438,broome,42.2506,-75.833,30.37,77,0,3.6,US,1718806430
439,ar ruways,24.1103,52.7306,39.89,23,3,3.52,AE,1718806430
440,namibe,-15.1961,12.1522,22.32,66,35,4.43,AO,1718806430
441,susuman,62.7833,148.1667,13.39,67,79,1.98,RU,1718806430
442,poronaysk,49.2167,143.1167,8.32,92,69,3.3,RU,1718806431
443,barcelos,41.5388,-8.6151,21.62,58,58,4.75,PT,1718806431
444,nakskov,54.8373,11.1284,18.97,71,18,8.18,DK,1718806431
445,strathmore,51.0501,-113.3852,7.97,66,100,1.7,CA,1718806431
446,cuatro cienegas de carranza,26.9833,-102.0833,25.19,69,0,2.15,MX,1718806431
447,marsa alam,25.0757,34.8918,35.49,38,0,4.01,EG,1718806395
448,taoudenni,22.6783,-3.9836,47.72,6,7,3.61,ML,1718806432
449,inarajan village,13.2736,144.7484,28.08,91,22,5.83,GU,1718806432
450,tamanrasset,22.785,5.5228,36.95,7,40,4.63,DZ,1718806432
451,val-d'or,48.1002,-77.7828,27.56,63,0,6.11,CA,1718806432
452,prince rupert,54.3161,-130.3201,11.14,86,1,0.31,CA,1718806432
453,saudarkrokur,65.7461,-19.6394,6.33,92,100,4.27,IS,1718806432
454,oliver,49.1831,-119.5524,12.16,58,41,0.34,CA,1718806433
455,keren,15.7778,38.4581,28.83,45,100,5.48,ER,1718806433
456,alfredo baquerizo moreno,-1.9167,-79.5167,27.99,78,94,0.58,EC,1718806433
457,ascension,30.2169,-90.9001,29.0,81,0,3.09,US,1718806433
458,codrington,-38.2667,141.9667,8.28,78,98,3.19,AU,1718806433
459,ahar,38.4774,47.0699,26.53,39,1,6.47,IR,1718806434
460,bobrovytsya,50.75,31.3833,26.69,63,56,4.85,UA,1718806434
461,bury st edmunds,52.2463,0.7111,19.73,57,75,5.14,GB,1718806434
462,tres lagoas,-20.7511,-51.6783,29.3,23,0,4.47,BR,1718806430
463,antsohihy,-14.8796,47.9875,28.31,39,0,6.77,MG,1718806434
464,kourou,5.1552,-52.6478,28.03,81,16,3.21,GF,1718806434
465,saint-joseph,-21.3667,55.6167,22.21,72,13,5.46,RE,1718806435
466,eyl,7.9803,49.8164,30.67,62,100,11.35,SO,1718806435
467,mwene-ditu,-7.0,23.45,31.77,20,5,1.68,CD,1718806435
468,buka,40.8108,69.1986,33.88,25,0,1.81,UZ,1718806435
469,piacabucu,-10.4056,-36.4344,26.17,81,54,3.89,BR,1718806435
470,palestine,31.9216,35.2033,31.08,52,0,6.69,PS,1718806435
471,port antonio,18.18,-76.4612,29.42,64,17,3.76,JM,1718806436
472,bardai,11.65,7.2333,36.66,26,69,0.68,NG,1718806436
473,kangding,30.0513,101.9603,16.11,99,100,1.96,CN,1718806436
474,amasra,41.7463,32.3863,26.03,67,0,7.57,TR,1718806436
475,labrador city,52.9463,-66.9114,27.88,57,51,9.39,CA,1718806436
476,nuuk,64.1835,-51.7216,5.34,81,75,9.77,GL,1718806437
477,boyolangu,-8.1181,111.8935,23.94,87,99,2.24,ID,1718806437
478,belokurikha,51.9959,84.9896,12.63,84,7,2.21,RU,1718806437
479,ushtobe,45.2514,77.9838,24.67,23,13,7.77,KZ,1718806437
480,pasuquin,18.3328,120.6177,28.42,80,100,1.36,PH,1718806437
481,chasong,41.4608,126.6414,14.98,67,54,1.19,KP,1718806438
482,bel ombre,-4.6167,55.4167,27.17,82,34,6.29,SC,1718806438
483,sodra sandby,56.5667,16.6167,19.94,63,100,3.91,SE,1718806438
484,san jose de mayo,-34.3375,-56.7136,17.83,76,100,1.02,UY,1718806438
485,papao,-17.75,-149.55,19.82,64,0,5.82,PF,1718806438
486,magadan,59.5667,150.8,7.5,91,94,2.68,RU,1718806439
487,pacific grove,36.6177,-121.9166,13.01,89,75,2.06,US,1718806439
488,sao vicente,-23.9631,-46.3919,29.59,32,3,2.68,BR,1718806439
489,mampong,7.0627,-1.4001,32.21,50,91,0.8,GH,1718806439
490,puerto quijarro,-17.7833,-57.7667,31.84,29,5,3.54,BO,1718806439
491,tabas,33.5959,56.9244,38.75,8,2,7.57,IR,1718806439
492,urambo,-5.0667,32.05,31.47,24,0,2.7,TZ,1718806440
493,kiruna,67.8557,20.2251,13.51,88,20,2.06,SE,1718806440
494,nova vicosa,-17.8919,-39.3719,25.28,76,26,1.26,BR,1718806440
495,musoma,-1.5,33.8,25.13,57,7,4.04,TZ,1718806440
496,westport,41.1415,-73.3579,28.92,72,0,5.14,US,1718806440
497,mocksville,35.894,-80.5614,26.23,74,100,1.34,US,1718806441
498,newman,37.3138,-121.0208,17.25,55,0,0.89,US,1718806441
499,jayrud,33.8074,36.7404,41.7,8,0,5.64,SY,1718806441
500,glace bay,46.1969,-59.957,27.83,70,100,2.73,CA,1718806441
501,gaigeturi,33.4644,126.3183,22.9,68,100,4.38,KR,1718806442
502,el porvenir,13.7617,-87.3458,24.63,99,100,1.38,HN,1718806442
503,port blair,11.6667,92.75,29.02,84,20,3.6,IN,1718806443
504,sonoita,31.85,-112.8333,25.84,26,0,2.46,MX,1718806446
505,spanish springs,39.6491,-119.7074,14.76,42,0,0.0,US,1718806446
506,choibalsan,48.0667,114.5,19.28,71,100,2.75,MN,1718806446
507,miles city,46.4083,-105.8406,7.54,93,0,5.14,US,1718806389
508,howrah,22.5892,88.3103,29.0,84,75,5.14,IN,1718806447
509,antofagasta,-23.65,-70.4,15.6,71,10,2.51,CL,1718806447
510,wau,7.7029,27.9953,33.8,37,87,3.51,SS,1718806447
511,motozintla,15.3667,-92.2333,16.24,93,100,1.01,MX,1718806447
512,sihanoukville,10.6093,103.5296,27.97,78,40,1.03,KH,1718806448
513,tofol,5.3248,163.0078,28.08,78,100,3.77,FM,1718806448
514,bubaque,11.2833,-15.8333,27.05,78,100,2.92,GW,1718806448
515,obo,5.3998,26.4869,31.86,44,45,0.93,CF,1718806448
516,primero de mayo,-32.2552,-58.4228,18.23,71,5,1.69,AR,1718806448
517,idfu,24.9803,32.8747,45.76,7,1,4.55,EG,1718806449
518,carrigaline,51.8117,-8.3986,17.86,48,40,3.09,IE,1718806449
519,ust'-barguzin,53.45,108.9833,14.87,67,100,2.97,RU,1718806449
520,san jose pinula,14.5461,-90.4114,16.29,89,75,6.17,GT,1718806449
521,saint-jean-de-monts,46.7833,-2.0667,17.6,86,0,3.03,FR,1718806449
522,basco,20.4487,121.9702,29.84,78,100,6.93,PH,1718806449
523,kabare,-2.4683,28.8242,23.14,57,43,2.02,CD,1718806450
524,skeldon,5.8833,-57.1333,28.46,74,57,2.0,GY,1718806450
525,homer,59.6425,-151.5483,8.94,83,100,0.0,US,1718806450
526,jacksonville,30.3322,-81.6556,29.49,66,75,8.23,US,1718806071
527,kenai,60.5544,-151.2583,8.05,93,100,4.63,US,1718806403
528,punta arenas,-53.15,-70.9167,-5.94,86,75,2.06,CL,1718806450
529,salvatierra de mino,42.0833,-8.5,22.41,72,40,5.14,ES,1718806451
530,saint-flour,45.0833,3.0,19.38,71,70,2.8,FR,1718806451
531,mahina,-17.5065,-149.489,19.87,73,20,1.54,PF,1718806451
532,tagaw-bay,35.6994,66.0616,22.93,32,96,4.17,AF,1718806451
533,antalaha,-14.9003,50.2788,24.03,72,0,6.42,MG,1718806451
534,buala,-8.145,159.5921,27.39,83,67,4.23,SB,1718806452
535,plastun,44.7561,136.2939,15.05,75,100,1.67,RU,1718806452
536,bela vista do paraiso,-22.9967,-51.1906,24.58,30,5,3.12,BR,1718806452
537,umluj,25.0213,37.2685,32.49,58,0,2.43,SA,1718806452
538,madison heights,42.4859,-83.1052,31.08,65,0,4.63,US,1718806452
539,cooma,-36.2333,149.1333,1.02,76,3,0.39,AU,1718806453
540,hohhot,40.8106,111.6522,21.25,60,80,0.47,CN,1718806453
541,vladivostok,43.1056,131.8735,19.01,93,100,3.82,RU,1718806453
542,aginskoye,51.1,114.53,14.43,51,50,1.71,RU,1718806453
543,sinabang,2.4803,96.3801,27.3,79,100,1.04,ID,1718806453
544,birkerod,55.8476,12.4279,18.68,68,44,6.84,DK,1718806454
545,rio gallegos,-51.6226,-69.2181,-6.97,100,20,2.57,AR,1718806454
546,palopo,-2.9996,120.1921,23.94,86,99,0.84,ID,1718806454
547,box elder,41.5005,-112.8764,13.06,36,57,4.18,US,1718806455
548,cuero,29.0939,-97.2892,25.93,91,100,3.58,US,1718806455
549,yanqul,23.5905,56.5501,41.65,11,53,3.24,OM,1718806455
550,progreso,21.2833,-89.6667,26.06,92,100,4.9,MX,1718806455
551,kyshtym,55.714,60.5528,27.88,59,58,4.53,RU,1718806266
552,vadso,70.0744,29.7487,10.49,93,100,11.83,NO,1718806455
553,kaiyuan,23.6977,103.3037,23.55,88,97,2.82,CN,1718806455
554,alamosa,37.4695,-105.87,12.99,50,0,3.6,US,1718806456
555,acarau,-2.8856,-40.12,28.96,63,11,7.09,BR,1718806426
556,salalah,17.0151,54.0924,31.05,74,40,5.14,OM,1718806456
557,kiama,-34.6833,150.8667,9.44,78,0,1.34,AU,1718806456
558,chibougamau,49.9168,-74.3659,21.79,94,100,3.6,CA,1718806456
559,gorom-gorom,14.4439,-0.2361,41.75,19,100,2.96,BF,1718806457
560,taltal,-25.4,-70.4833,17.5,57,0,1.56,CL,1718806457
561,ternate,0.8,127.4,25.25,87,100,0.76,ID,1718806457
562,santa rosalia,27.3167,-112.2833,24.9,23,0,4.04,MX,1718806457
563,auki,-8.7676,160.7034,24.67,91,57,1.9,SB,1718806457
564,babruysk,53.15,29.2333,28.01,57,100,5.57,BY,1718806373
